split,matched_pair_id,misleading_id,genuine_id,misleading_topic,genuine_topic,exact_topic_match,misleading_word_count,genuine_word_count,absolute_word_difference
train,train_pair_0001,2004,2626,other_finance,other_finance,True,11,11,0
train,train_pair_0002,17032,13331,trade,trade,True,10,9,1
train,train_pair_0003,16491,4764,trade,trade,True,13,15,2
train,train_pair_0004,16317,12143,trade,trade,True,15,16,1
train,train_pair_0005,16443,12152,trade,trade,True,16,16,0
train,train_pair_0006,12773,14939,trade,trade,True,18,17,1
train,train_pair_0007,3035,3247,trade,trade,True,27,25,2
train,train_pair_0008,5307,11970,business_and_markets,business_and_markets,True,7,8,1
train,train_pair_0009,14261,4575,business_and_markets,business_and_markets,True,8,10,2
train,train_pair_0010,1000,64,business_and_markets,business_and_markets,True,9,12,3
train,train_pair_0011,3072,10738,business_and_markets,business_and_markets,True,9,15,6
train,train_pair_0012,17475,496,business_and_markets,business_and_markets,True,12,19,7
train,train_pair_0013,13799,920,business_and_markets,business_and_markets,True,14,21,7
train,train_pair_0014,1847,16581,business_and_markets,business_and_markets,True,24,24,0
train,train_pair_0015,9192,1021,business_and_markets,business_and_markets,True,27,28,1
train,train_pair_0016,700,3721,business_and_markets,business_and_markets,True,28,26,2
train,train_pair_0017,4614,6623,banking_and_credit,banking_and_credit,True,8,9,1
train,train_pair_0018,22788,6591,banking_and_credit,banking_and_credit,True,8,10,2
train,train_pair_0019,4112,2022,banking_and_credit,banking_and_credit,True,10,11,1
train,train_pair_0020,2715,5658,banking_and_credit,banking_and_credit,True,12,11,1
train,train_pair_0021,1801,15609,banking_and_credit,banking_and_credit,True,13,13,0
train,train_pair_0022,4761,7513,banking_and_credit,banking_and_credit,True,13,15,2
train,train_pair_0023,4932,1660,banking_and_credit,banking_and_credit,True,14,16,2
train,train_pair_0024,21910,7664,banking_and_credit,banking_and_credit,True,21,21,0
train,train_pair_0025,120,14714,banking_and_credit,banking_and_credit,True,29,27,2
train,train_pair_0026,11329,13030,banking_and_credit,banking_and_credit,True,31,37,6
train,train_pair_0027,15586,11496,banking_and_credit,banking_and_credit,True,32,38,6
train,train_pair_0028,1651,992,banking_and_credit,taxation,False,39,39,0
train,train_pair_0029,2654,7202,social_welfare,social_welfare,True,6,11,5
train,train_pair_0030,1426,8486,social_welfare,social_welfare,True,7,12,5
train,train_pair_0031,9425,10612,social_welfare,social_welfare,True,8,12,4
train,train_pair_0032,3414,4241,social_welfare,social_welfare,True,9,13,4
train,train_pair_0033,15037,12651,social_welfare,social_welfare,True,9,14,5
train,train_pair_0034,17659,8743,social_welfare,social_welfare,True,10,15,5
train,train_pair_0035,12333,4273,social_welfare,social_welfare,True,11,16,5
train,train_pair_0036,2213,5098,social_welfare,social_welfare,True,12,17,5
train,train_pair_0037,2605,12826,social_welfare,social_welfare,True,12,17,5
train,train_pair_0038,9331,22012,social_welfare,social_welfare,True,12,17,5
train,train_pair_0039,10550,1436,social_welfare,social_welfare,True,12,19,7
train,train_pair_0040,12816,4239,social_welfare,social_welfare,True,12,19,7
train,train_pair_0041,17511,79,social_welfare,public_finance,False,12,12,0
train,train_pair_0042,6245,10253,social_welfare,social_welfare,True,13,22,9
train,train_pair_0043,16570,9,social_welfare,taxation,False,13,13,0
train,train_pair_0044,21845,440,social_welfare,taxation,False,13,13,0
train,train_pair_0045,1007,582,social_welfare,taxation,False,14,14,0
train,train_pair_0046,15360,10,social_welfare,labour_and_income,False,15,15,0
train,train_pair_0047,2320,882,social_welfare,public_finance,False,16,16,0
train,train_pair_0048,15853,1392,social_welfare,social_welfare,True,17,26,9
train,train_pair_0049,17171,2809,social_welfare,social_welfare,True,17,26,9
train,train_pair_0050,16955,727,social_welfare,taxation,False,18,18,0
train,train_pair_0051,1806,809,social_welfare,public_finance,False,19,19,0
train,train_pair_0052,12545,1390,social_welfare,labour_and_income,False,19,19,0
train,train_pair_0053,12879,2627,social_welfare,public_finance,False,19,19,0
train,train_pair_0054,18277,2639,social_welfare,taxation,False,19,19,0
train,train_pair_0055,22245,706,social_welfare,taxation,False,20,20,0
train,train_pair_0056,2250,240,social_welfare,taxation,False,21,21,0
train,train_pair_0057,2768,6012,social_welfare,social_welfare,True,23,31,8
train,train_pair_0058,2745,12881,social_welfare,social_welfare,True,24,32,8
train,train_pair_0059,2557,503,social_welfare,public_finance,False,25,25,0
train,train_pair_0060,22160,1507,social_welfare,social_welfare,True,29,35,6
train,train_pair_0061,1061,2843,social_welfare,social_welfare,True,33,41,8
train,train_pair_0062,1024,2927,social_welfare,taxation,False,35,35,0
train,train_pair_0063,6500,3805,social_welfare,public_finance,False,35,35,0
train,train_pair_0064,2580,80,macroeconomy,macroeconomy,True,5,8,3
train,train_pair_0065,10845,303,macroeconomy,macroeconomy,True,7,8,1
train,train_pair_0066,1918,22,macroeconomy,macroeconomy,True,9,9,0
train,train_pair_0067,9139,53,macroeconomy,macroeconomy,True,9,9,0
train,train_pair_0068,11402,7732,macroeconomy,macroeconomy,True,9,9,0
train,train_pair_0069,352,4684,macroeconomy,macroeconomy,True,10,10,0
train,train_pair_0070,4086,6757,macroeconomy,macroeconomy,True,10,10,0
train,train_pair_0071,6763,10069,macroeconomy,macroeconomy,True,10,10,0
train,train_pair_0072,1210,1655,macroeconomy,macroeconomy,True,11,11,0
train,train_pair_0073,2686,2764,macroeconomy,macroeconomy,True,11,11,0
train,train_pair_0074,8157,6006,macroeconomy,macroeconomy,True,11,11,0
train,train_pair_0075,15531,2328,macroeconomy,macroeconomy,True,12,12,0
train,train_pair_0076,21842,6744,macroeconomy,macroeconomy,True,12,12,0
train,train_pair_0077,6649,734,macroeconomy,macroeconomy,True,13,13,0
train,train_pair_0078,21761,2985,macroeconomy,macroeconomy,True,13,13,0
train,train_pair_0079,233,16140,macroeconomy,macroeconomy,True,14,14,0
train,train_pair_0080,4835,689,macroeconomy,macroeconomy,True,14,15,1
train,train_pair_0081,19698,6892,macroeconomy,macroeconomy,True,14,15,1
train,train_pair_0082,1462,8933,macroeconomy,macroeconomy,True,15,15,0
train,train_pair_0083,6767,10573,macroeconomy,macroeconomy,True,15,15,0
train,train_pair_0084,13393,20415,macroeconomy,macroeconomy,True,15,15,0
train,train_pair_0085,19633,7109,macroeconomy,macroeconomy,True,15,16,1
train,train_pair_0086,21536,8131,macroeconomy,macroeconomy,True,15,16,1
train,train_pair_0087,13443,8438,macroeconomy,macroeconomy,True,16,16,0
train,train_pair_0088,21626,11132,macroeconomy,macroeconomy,True,16,16,0
train,train_pair_0089,410,758,macroeconomy,macroeconomy,True,17,17,0
train,train_pair_0090,7076,2947,macroeconomy,macroeconomy,True,17,17,0
train,train_pair_0091,10198,9121,macroeconomy,macroeconomy,True,17,17,0
train,train_pair_0092,10227,2633,macroeconomy,macroeconomy,True,17,18,1
train,train_pair_0093,2669,8479,macroeconomy,macroeconomy,True,18,18,0
train,train_pair_0094,20091,5765,macroeconomy,macroeconomy,True,18,19,1
train,train_pair_0095,21737,951,macroeconomy,macroeconomy,True,18,20,2
train,train_pair_0096,21537,2020,macroeconomy,macroeconomy,True,19,20,1
train,train_pair_0097,11895,4506,macroeconomy,macroeconomy,True,20,20,0
train,train_pair_0098,20037,10627,macroeconomy,macroeconomy,True,21,21,0
train,train_pair_0099,2775,6731,macroeconomy,macroeconomy,True,22,22,0
train,train_pair_0100,4978,11913,macroeconomy,macroeconomy,True,22,22,0
train,train_pair_0101,21136,572,macroeconomy,macroeconomy,True,23,23,0
train,train_pair_0102,4756,4317,macroeconomy,macroeconomy,True,25,25,0
train,train_pair_0103,1237,11948,macroeconomy,macroeconomy,True,26,25,1
train,train_pair_0104,17316,4359,macroeconomy,macroeconomy,True,26,28,2
train,train_pair_0105,3798,868,macroeconomy,macroeconomy,True,34,34,0
train,train_pair_0106,10214,21293,macroeconomy,macroeconomy,True,38,37,1
train,train_pair_0107,17237,15464,macroeconomy,macroeconomy,True,47,51,4
train,train_pair_0108,2719,5216,labour_and_income,labour_and_income,True,6,6,0
train,train_pair_0109,9475,1263,labour_and_income,labour_and_income,True,6,7,1
train,train_pair_0110,12154,8547,labour_and_income,labour_and_income,True,6,7,1
train,train_pair_0111,2923,9316,labour_and_income,labour_and_income,True,7,7,0
train,train_pair_0112,11497,13958,labour_and_income,labour_and_income,True,7,7,0
train,train_pair_0113,18743,16824,labour_and_income,labour_and_income,True,7,7,0
train,train_pair_0114,2671,3857,labour_and_income,labour_and_income,True,8,8,0
train,train_pair_0115,3765,2344,labour_and_income,labour_and_income,True,8,9,1
train,train_pair_0116,4571,3912,labour_and_income,labour_and_income,True,8,9,1
train,train_pair_0117,12484,6181,labour_and_income,labour_and_income,True,8,9,1
train,train_pair_0118,14862,7073,labour_and_income,labour_and_income,True,8,9,1
train,train_pair_0119,15966,8070,labour_and_income,labour_and_income,True,8,9,1
train,train_pair_0120,3367,3227,labour_and_income,labour_and_income,True,10,10,0
train,train_pair_0121,5597,4793,labour_and_income,labour_and_income,True,10,10,0
train,train_pair_0122,9891,7108,labour_and_income,labour_and_income,True,10,10,0
train,train_pair_0123,10772,8338,labour_and_income,labour_and_income,True,10,10,0
train,train_pair_0124,14805,9115,labour_and_income,labour_and_income,True,10,10,0
train,train_pair_0125,17622,11651,labour_and_income,labour_and_income,True,10,10,0
train,train_pair_0126,19363,16526,labour_and_income,labour_and_income,True,10,10,0
train,train_pair_0127,22716,3,labour_and_income,labour_and_income,True,10,11,1
train,train_pair_0128,2800,1189,labour_and_income,labour_and_income,True,11,11,0
train,train_pair_0129,3311,3165,labour_and_income,labour_and_income,True,11,11,0
train,train_pair_0130,3752,3692,labour_and_income,labour_and_income,True,11,11,0
train,train_pair_0131,6750,3882,labour_and_income,labour_and_income,True,11,11,0
train,train_pair_0132,8613,4192,labour_and_income,labour_and_income,True,11,11,0
train,train_pair_0133,12178,5242,labour_and_income,labour_and_income,True,11,11,0
train,train_pair_0134,15233,5335,labour_and_income,labour_and_income,True,11,11,0
train,train_pair_0135,17034,6594,labour_and_income,labour_and_income,True,11,11,0
train,train_pair_0136,2646,1659,labour_and_income,labour_and_income,True,12,12,0
train,train_pair_0137,4022,1979,labour_and_income,labour_and_income,True,12,12,0
train,train_pair_0138,4540,2522,labour_and_income,labour_and_income,True,12,12,0
train,train_pair_0139,5100,3886,labour_and_income,labour_and_income,True,12,12,0
train,train_pair_0140,5322,4805,labour_and_income,labour_and_income,True,12,12,0
train,train_pair_0141,5455,4967,labour_and_income,labour_and_income,True,12,12,0
train,train_pair_0142,6753,6206,labour_and_income,labour_and_income,True,12,12,0
train,train_pair_0143,7214,6310,labour_and_income,labour_and_income,True,12,12,0
train,train_pair_0144,8170,6936,labour_and_income,labour_and_income,True,12,12,0
train,train_pair_0145,11195,7637,labour_and_income,labour_and_income,True,12,12,0
train,train_pair_0146,15117,7818,labour_and_income,labour_and_income,True,12,12,0
train,train_pair_0147,15213,8038,labour_and_income,labour_and_income,True,12,12,0
train,train_pair_0148,20776,8297,labour_and_income,labour_and_income,True,12,12,0
train,train_pair_0149,2197,2861,labour_and_income,labour_and_income,True,13,13,0
train,train_pair_0150,4008,2863,labour_and_income,labour_and_income,True,13,13,0
train,train_pair_0151,4042,3048,labour_and_income,labour_and_income,True,13,13,0
train,train_pair_0152,7936,3652,labour_and_income,labour_and_income,True,13,13,0
train,train_pair_0153,9501,3967,labour_and_income,labour_and_income,True,13,13,0
train,train_pair_0154,9552,6660,labour_and_income,labour_and_income,True,13,13,0
train,train_pair_0155,10134,6980,labour_and_income,labour_and_income,True,13,13,0
train,train_pair_0156,10934,7330,labour_and_income,labour_and_income,True,13,13,0
train,train_pair_0157,14627,7565,labour_and_income,labour_and_income,True,13,13,0
train,train_pair_0158,18502,7848,labour_and_income,labour_and_income,True,13,13,0
train,train_pair_0159,19721,7859,labour_and_income,labour_and_income,True,13,13,0
train,train_pair_0160,666,1122,labour_and_income,labour_and_income,True,14,14,0
train,train_pair_0161,4866,1901,labour_and_income,labour_and_income,True,14,14,0
train,train_pair_0162,7953,2377,labour_and_income,labour_and_income,True,14,14,0
train,train_pair_0163,8883,2412,labour_and_income,labour_and_income,True,14,14,0
train,train_pair_0164,8993,2442,labour_and_income,labour_and_income,True,14,14,0
train,train_pair_0165,9958,2672,labour_and_income,labour_and_income,True,14,14,0
train,train_pair_0166,10888,3159,labour_and_income,labour_and_income,True,14,14,0
train,train_pair_0167,12909,3944,labour_and_income,labour_and_income,True,14,14,0
train,train_pair_0168,19658,3950,labour_and_income,labour_and_income,True,14,14,0
train,train_pair_0169,1375,411,labour_and_income,labour_and_income,True,15,15,0
train,train_pair_0170,2084,624,labour_and_income,labour_and_income,True,15,15,0
train,train_pair_0171,2752,1963,labour_and_income,labour_and_income,True,15,15,0
train,train_pair_0172,5546,3009,labour_and_income,labour_and_income,True,15,15,0
train,train_pair_0173,8065,3176,labour_and_income,labour_and_income,True,15,15,0
train,train_pair_0174,8862,3789,labour_and_income,labour_and_income,True,15,15,0
train,train_pair_0175,9813,4601,labour_and_income,labour_and_income,True,15,15,0
train,train_pair_0176,10314,5720,labour_and_income,labour_and_income,True,15,15,0
train,train_pair_0177,13424,7319,labour_and_income,labour_and_income,True,15,15,0
train,train_pair_0178,19138,7628,labour_and_income,labour_and_income,True,15,15,0
train,train_pair_0179,19439,8451,labour_and_income,labour_and_income,True,15,15,0
train,train_pair_0180,20855,8520,labour_and_income,labour_and_income,True,15,15,0
train,train_pair_0181,2281,2448,labour_and_income,labour_and_income,True,16,16,0
train,train_pair_0182,3562,4343,labour_and_income,labour_and_income,True,16,16,0
train,train_pair_0183,4641,4374,labour_and_income,labour_and_income,True,16,16,0
train,train_pair_0184,5124,4747,labour_and_income,labour_and_income,True,16,16,0
train,train_pair_0185,5139,5474,labour_and_income,labour_and_income,True,16,16,0
train,train_pair_0186,5468,5582,labour_and_income,labour_and_income,True,16,16,0
train,train_pair_0187,5493,6015,labour_and_income,labour_and_income,True,16,16,0
train,train_pair_0188,6501,6848,labour_and_income,labour_and_income,True,16,16,0
train,train_pair_0189,8912,7652,labour_and_income,labour_and_income,True,16,16,0
train,train_pair_0190,9476,9656,labour_and_income,labour_and_income,True,16,16,0
train,train_pair_0191,10889,13101,labour_and_income,labour_and_income,True,16,16,0
train,train_pair_0192,14188,13511,labour_and_income,labour_and_income,True,16,16,0
train,train_pair_0193,16583,13734,labour_and_income,labour_and_income,True,16,16,0
train,train_pair_0194,17302,14864,labour_and_income,labour_and_income,True,16,16,0
train,train_pair_0195,18207,15483,labour_and_income,labour_and_income,True,16,16,0
train,train_pair_0196,19252,20222,labour_and_income,labour_and_income,True,16,16,0
train,train_pair_0197,21569,3485,labour_and_income,labour_and_income,True,16,17,1
train,train_pair_0198,8262,3970,labour_and_income,labour_and_income,True,17,17,0
train,train_pair_0199,9683,4458,labour_and_income,labour_and_income,True,17,17,0
train,train_pair_0200,17028,8971,labour_and_income,labour_and_income,True,17,17,0
train,train_pair_0201,18507,10479,labour_and_income,labour_and_income,True,17,17,0
train,train_pair_0202,18684,15019,labour_and_income,labour_and_income,True,17,17,0
train,train_pair_0203,4074,2638,labour_and_income,labour_and_income,True,18,18,0
train,train_pair_0204,4472,4824,labour_and_income,labour_and_income,True,18,18,0
train,train_pair_0205,5151,7075,labour_and_income,labour_and_income,True,18,18,0
train,train_pair_0206,5457,8272,labour_and_income,labour_and_income,True,18,18,0
train,train_pair_0207,5714,8741,labour_and_income,labour_and_income,True,18,18,0
train,train_pair_0208,5795,8939,labour_and_income,labour_and_income,True,18,18,0
train,train_pair_0209,6159,9536,labour_and_income,labour_and_income,True,18,18,0
train,train_pair_0210,7496,9537,labour_and_income,labour_and_income,True,18,18,0
train,train_pair_0211,7697,9637,labour_and_income,labour_and_income,True,18,18,0
train,train_pair_0212,10132,12075,labour_and_income,labour_and_income,True,18,18,0
train,train_pair_0213,19286,15629,labour_and_income,labour_and_income,True,18,18,0
train,train_pair_0214,2026,5709,labour_and_income,labour_and_income,True,19,19,0
train,train_pair_0215,7039,6242,labour_and_income,labour_and_income,True,19,19,0
train,train_pair_0216,9524,6706,labour_and_income,labour_and_income,True,19,19,0
train,train_pair_0217,9697,6879,labour_and_income,labour_and_income,True,19,19,0
train,train_pair_0218,15266,6944,labour_and_income,labour_and_income,True,19,19,0
train,train_pair_0219,16737,7032,labour_and_income,labour_and_income,True,19,19,0
train,train_pair_0220,18188,8250,labour_and_income,labour_and_income,True,19,19,0
train,train_pair_0221,1242,1982,labour_and_income,labour_and_income,True,20,20,0
train,train_pair_0222,2134,2089,labour_and_income,labour_and_income,True,20,20,0
train,train_pair_0223,3728,3181,labour_and_income,labour_and_income,True,20,20,0
train,train_pair_0224,4711,3730,labour_and_income,labour_and_income,True,20,20,0
train,train_pair_0225,5253,4433,labour_and_income,labour_and_income,True,20,20,0
train,train_pair_0226,7626,4623,labour_and_income,labour_and_income,True,20,20,0
train,train_pair_0227,9633,4819,labour_and_income,labour_and_income,True,20,20,0
train,train_pair_0228,10293,6287,labour_and_income,labour_and_income,True,20,20,0
train,train_pair_0229,11511,6732,labour_and_income,labour_and_income,True,20,20,0
train,train_pair_0230,16854,7603,labour_and_income,labour_and_income,True,20,20,0
train,train_pair_0231,20099,8312,labour_and_income,labour_and_income,True,20,20,0
train,train_pair_0232,20355,8740,labour_and_income,labour_and_income,True,20,20,0
train,train_pair_0233,6614,4337,labour_and_income,labour_and_income,True,21,21,0
train,train_pair_0234,8914,5733,labour_and_income,labour_and_income,True,21,21,0
train,train_pair_0235,9030,6473,labour_and_income,labour_and_income,True,21,21,0
train,train_pair_0236,9882,8270,labour_and_income,labour_and_income,True,21,21,0
train,train_pair_0237,4791,2090,labour_and_income,labour_and_income,True,22,22,0
train,train_pair_0238,5075,2323,labour_and_income,labour_and_income,True,22,22,0
train,train_pair_0239,7976,4106,labour_and_income,labour_and_income,True,22,22,0
train,train_pair_0240,14959,4952,labour_and_income,labour_and_income,True,22,22,0
train,train_pair_0241,16389,6051,labour_and_income,labour_and_income,True,22,22,0
train,train_pair_0242,18076,6994,labour_and_income,labour_and_income,True,22,22,0
train,train_pair_0243,20706,8306,labour_and_income,labour_and_income,True,22,22,0
train,train_pair_0244,4392,1277,labour_and_income,labour_and_income,True,23,23,0
train,train_pair_0245,7263,5180,labour_and_income,labour_and_income,True,23,23,0
train,train_pair_0246,12167,5808,labour_and_income,labour_and_income,True,23,23,0
train,train_pair_0247,2468,5349,labour_and_income,labour_and_income,True,24,24,0
train,train_pair_0248,8084,8203,labour_and_income,labour_and_income,True,24,24,0
train,train_pair_0249,8817,8394,labour_and_income,labour_and_income,True,24,24,0
train,train_pair_0250,10378,8742,labour_and_income,labour_and_income,True,24,24,0
train,train_pair_0251,10669,10804,labour_and_income,labour_and_income,True,24,24,0
train,train_pair_0252,12271,11172,labour_and_income,labour_and_income,True,24,24,0
train,train_pair_0253,14012,12809,labour_and_income,labour_and_income,True,24,24,0
train,train_pair_0254,3589,1993,labour_and_income,labour_and_income,True,25,25,0
train,train_pair_0255,4609,4905,labour_and_income,labour_and_income,True,25,25,0
train,train_pair_0256,8432,5212,labour_and_income,labour_and_income,True,25,25,0
train,train_pair_0257,12236,10331,labour_and_income,labour_and_income,True,25,25,0
train,train_pair_0258,3055,210,labour_and_income,labour_and_income,True,26,26,0
train,train_pair_0259,5290,5029,labour_and_income,labour_and_income,True,26,26,0
train,train_pair_0260,8360,6256,labour_and_income,labour_and_income,True,26,26,0
train,train_pair_0261,9110,6423,labour_and_income,labour_and_income,True,26,26,0
train,train_pair_0262,9268,8463,labour_and_income,labour_and_income,True,26,26,0
train,train_pair_0263,6604,3283,labour_and_income,labour_and_income,True,27,27,0
train,train_pair_0264,10473,3517,labour_and_income,labour_and_income,True,27,27,0
train,train_pair_0265,14849,4256,labour_and_income,labour_and_income,True,27,27,0
train,train_pair_0266,16772,4927,labour_and_income,labour_and_income,True,27,27,0
train,train_pair_0267,18654,5813,labour_and_income,labour_and_income,True,27,27,0
train,train_pair_0268,4588,3149,labour_and_income,labour_and_income,True,28,28,0
train,train_pair_0269,16018,3875,labour_and_income,labour_and_income,True,28,28,0
train,train_pair_0270,4843,3110,labour_and_income,labour_and_income,True,29,29,0
train,train_pair_0271,6585,4327,labour_and_income,labour_and_income,True,29,29,0
train,train_pair_0272,11260,1914,labour_and_income,labour_and_income,True,30,30,0
train,train_pair_0273,13544,4146,labour_and_income,labour_and_income,True,30,30,0
train,train_pair_0274,12068,2900,labour_and_income,labour_and_income,True,31,31,0
train,train_pair_0275,14364,3693,labour_and_income,labour_and_income,True,33,32,1
train,train_pair_0276,12575,5967,labour_and_income,labour_and_income,True,36,35,1
train,train_pair_0277,1736,5685,labour_and_income,labour_and_income,True,37,38,1
train,train_pair_0278,6711,2198,labour_and_income,labour_and_income,True,39,39,0
train,train_pair_0279,8828,5764,labour_and_income,labour_and_income,True,39,38,1
train,train_pair_0280,7194,16587,labour_and_income,labour_and_income,True,40,40,0
train,train_pair_0281,17894,13937,labour_and_income,labour_and_income,True,45,45,0
train,train_pair_0282,4455,2683,public_finance,public_finance,True,5,6,1
train,train_pair_0283,13111,3894,public_finance,public_finance,True,6,6,0
train,train_pair_0284,22486,10457,public_finance,public_finance,True,6,6,0
train,train_pair_0285,6434,3965,public_finance,public_finance,True,7,7,0
train,train_pair_0286,6522,9865,public_finance,public_finance,True,7,7,0
train,train_pair_0287,834,638,public_finance,public_finance,True,8,8,0
train,train_pair_0288,1376,2951,public_finance,public_finance,True,8,8,0
train,train_pair_0289,3462,3173,public_finance,public_finance,True,8,8,0
train,train_pair_0290,3745,3629,public_finance,public_finance,True,8,8,0
train,train_pair_0291,3968,4570,public_finance,public_finance,True,8,8,0
train,train_pair_0292,4960,5930,public_finance,public_finance,True,8,8,0
train,train_pair_0293,5167,6579,public_finance,public_finance,True,8,8,0
train,train_pair_0294,7631,10712,public_finance,public_finance,True,8,8,0
train,train_pair_0295,8916,11121,public_finance,public_finance,True,8,8,0
train,train_pair_0296,9565,850,public_finance,public_finance,True,8,9,1
train,train_pair_0297,9576,1427,public_finance,public_finance,True,8,9,1
train,train_pair_0298,1567,1463,public_finance,public_finance,True,9,9,0
train,train_pair_0299,1850,1750,public_finance,public_finance,True,9,9,0
train,train_pair_0300,2260,2002,public_finance,public_finance,True,9,9,0
train,train_pair_0301,3481,3469,public_finance,public_finance,True,9,9,0
train,train_pair_0302,3854,6418,public_finance,public_finance,True,9,9,0
train,train_pair_0303,6278,8258,public_finance,public_finance,True,9,9,0
train,train_pair_0304,9245,1261,public_finance,public_finance,True,9,10,1
train,train_pair_0305,14292,2773,public_finance,public_finance,True,9,10,1
train,train_pair_0306,17495,4495,public_finance,public_finance,True,9,10,1
train,train_pair_0307,19210,5437,public_finance,public_finance,True,9,10,1
train,train_pair_0308,20718,6409,public_finance,public_finance,True,9,10,1
train,train_pair_0309,870,7136,public_finance,public_finance,True,10,10,0
train,train_pair_0310,2251,12866,public_finance,public_finance,True,10,10,0
train,train_pair_0311,2477,1891,public_finance,public_finance,True,10,11,1
train,train_pair_0312,3170,2644,public_finance,public_finance,True,10,11,1
train,train_pair_0313,4244,3119,public_finance,public_finance,True,10,11,1
train,train_pair_0314,5089,3411,public_finance,public_finance,True,10,11,1
train,train_pair_0315,19427,4115,public_finance,public_finance,True,10,11,1
train,train_pair_0316,22036,6038,public_finance,public_finance,True,10,11,1
train,train_pair_0317,825,7733,public_finance,public_finance,True,11,11,0
train,train_pair_0318,1579,8050,public_finance,public_finance,True,11,11,0
train,train_pair_0319,2460,8165,public_finance,public_finance,True,11,11,0
train,train_pair_0320,3394,8874,public_finance,public_finance,True,11,11,0
train,train_pair_0321,3565,9500,public_finance,public_finance,True,11,11,0
train,train_pair_0322,3628,11403,public_finance,public_finance,True,11,11,0
train,train_pair_0323,3677,12179,public_finance,public_finance,True,11,11,0
train,train_pair_0324,4237,13453,public_finance,public_finance,True,11,11,0
train,train_pair_0325,4284,15476,public_finance,public_finance,True,11,11,0
train,train_pair_0326,4875,16858,public_finance,public_finance,True,11,11,0
train,train_pair_0327,5818,22494,public_finance,public_finance,True,11,11,0
train,train_pair_0328,5964,852,public_finance,public_finance,True,11,12,1
train,train_pair_0329,11089,990,public_finance,public_finance,True,11,12,1
train,train_pair_0330,11241,1131,public_finance,public_finance,True,11,12,1
train,train_pair_0331,14243,2068,public_finance,public_finance,True,11,12,1
train,train_pair_0332,17533,2148,public_finance,public_finance,True,11,12,1
train,train_pair_0333,1206,2223,public_finance,public_finance,True,12,12,0
train,train_pair_0334,1661,2296,public_finance,public_finance,True,12,12,0
train,train_pair_0335,2494,2414,public_finance,public_finance,True,12,12,0
train,train_pair_0336,3864,2533,public_finance,public_finance,True,12,12,0
train,train_pair_0337,4211,2673,public_finance,public_finance,True,12,12,0
train,train_pair_0338,4642,3271,public_finance,public_finance,True,12,12,0
train,train_pair_0339,5433,3769,public_finance,public_finance,True,12,12,0
train,train_pair_0340,10045,4669,public_finance,public_finance,True,12,12,0
train,train_pair_0341,11180,6449,public_finance,public_finance,True,12,12,0
train,train_pair_0342,845,1380,public_finance,public_finance,True,13,13,0
train,train_pair_0343,1865,1759,public_finance,public_finance,True,13,13,0
train,train_pair_0344,2643,2899,public_finance,public_finance,True,13,13,0
train,train_pair_0345,3901,4024,public_finance,public_finance,True,13,13,0
train,train_pair_0346,4044,4367,public_finance,public_finance,True,13,13,0
train,train_pair_0347,4909,5204,public_finance,public_finance,True,13,13,0
train,train_pair_0348,4962,5229,public_finance,public_finance,True,13,13,0
train,train_pair_0349,5224,5461,public_finance,public_finance,True,13,13,0
train,train_pair_0350,7106,5464,public_finance,public_finance,True,13,13,0
train,train_pair_0351,9603,6168,public_finance,public_finance,True,13,13,0
train,train_pair_0352,9621,6978,public_finance,public_finance,True,13,13,0
train,train_pair_0353,14469,7298,public_finance,public_finance,True,13,13,0
train,train_pair_0354,17654,7837,public_finance,public_finance,True,13,13,0
train,train_pair_0355,21674,7887,public_finance,public_finance,True,13,13,0
train,train_pair_0356,1700,880,public_finance,public_finance,True,14,14,0
train,train_pair_0357,1950,1810,public_finance,public_finance,True,14,14,0
train,train_pair_0358,3563,3391,public_finance,public_finance,True,14,14,0
train,train_pair_0359,3722,3475,public_finance,public_finance,True,14,14,0
train,train_pair_0360,3955,3568,public_finance,public_finance,True,14,14,0
train,train_pair_0361,4743,4700,public_finance,public_finance,True,14,14,0
train,train_pair_0362,5173,4888,public_finance,public_finance,True,14,14,0
train,train_pair_0363,5745,7668,public_finance,public_finance,True,14,14,0
train,train_pair_0364,8061,7982,public_finance,public_finance,True,14,14,0
train,train_pair_0365,2038,1643,public_finance,public_finance,True,15,15,0
train,train_pair_0366,2301,1885,public_finance,public_finance,True,15,15,0
train,train_pair_0367,3186,2389,public_finance,public_finance,True,15,15,0
train,train_pair_0368,3220,2896,public_finance,public_finance,True,15,15,0
train,train_pair_0369,3947,3044,public_finance,public_finance,True,15,15,0
train,train_pair_0370,4467,3582,public_finance,public_finance,True,15,15,0
train,train_pair_0371,5057,3863,public_finance,public_finance,True,15,15,0
train,train_pair_0372,5509,4605,public_finance,public_finance,True,15,15,0
train,train_pair_0373,7901,6783,public_finance,public_finance,True,15,15,0
train,train_pair_0374,7910,7101,public_finance,public_finance,True,15,15,0
train,train_pair_0375,8057,8917,public_finance,public_finance,True,15,15,0
train,train_pair_0376,14589,15147,public_finance,public_finance,True,15,15,0
train,train_pair_0377,16939,1116,public_finance,public_finance,True,15,16,1
train,train_pair_0378,851,1306,public_finance,public_finance,True,16,16,0
train,train_pair_0379,1327,2697,public_finance,public_finance,True,16,16,0
train,train_pair_0380,2668,2810,public_finance,public_finance,True,16,16,0
train,train_pair_0381,3208,2990,public_finance,public_finance,True,16,16,0
train,train_pair_0382,3466,3090,public_finance,public_finance,True,16,16,0
train,train_pair_0383,3785,3150,public_finance,public_finance,True,16,16,0
train,train_pair_0384,4754,3169,public_finance,public_finance,True,16,16,0
train,train_pair_0385,4833,3641,public_finance,public_finance,True,16,16,0
train,train_pair_0386,4920,4384,public_finance,public_finance,True,16,16,0
train,train_pair_0387,5936,4593,public_finance,public_finance,True,16,16,0
train,train_pair_0388,13641,5107,public_finance,public_finance,True,16,16,0
train,train_pair_0389,17350,5564,public_finance,public_finance,True,16,16,0
train,train_pair_0390,17483,5680,public_finance,public_finance,True,16,16,0
train,train_pair_0391,18745,6934,public_finance,public_finance,True,16,16,0
train,train_pair_0392,22578,7535,public_finance,public_finance,True,16,16,0
train,train_pair_0393,22951,7869,public_finance,public_finance,True,16,16,0
train,train_pair_0394,2261,925,public_finance,public_finance,True,17,17,0
train,train_pair_0395,2437,3399,public_finance,public_finance,True,17,17,0
train,train_pair_0396,5988,3839,public_finance,public_finance,True,17,17,0
train,train_pair_0397,6599,4029,public_finance,public_finance,True,17,17,0
train,train_pair_0398,7297,4067,public_finance,public_finance,True,17,17,0
train,train_pair_0399,9420,4728,public_finance,public_finance,True,17,17,0
train,train_pair_0400,12893,4928,public_finance,public_finance,True,17,17,0
train,train_pair_0401,17068,4970,public_finance,public_finance,True,17,17,0
train,train_pair_0402,18156,7366,public_finance,public_finance,True,17,17,0
train,train_pair_0403,18648,7482,public_finance,public_finance,True,17,17,0
train,train_pair_0404,3087,1291,public_finance,public_finance,True,18,18,0
train,train_pair_0405,4303,1926,public_finance,public_finance,True,18,18,0
train,train_pair_0406,5183,3747,public_finance,public_finance,True,18,18,0
train,train_pair_0407,5637,6276,public_finance,public_finance,True,18,18,0
train,train_pair_0408,6493,6662,public_finance,public_finance,True,18,18,0
train,train_pair_0409,13627,7772,public_finance,public_finance,True,18,18,0
train,train_pair_0410,14911,9391,public_finance,public_finance,True,18,18,0
train,train_pair_0411,19994,11138,public_finance,public_finance,True,18,18,0
train,train_pair_0412,20076,11615,public_finance,public_finance,True,18,18,0
train,train_pair_0413,1639,3356,public_finance,public_finance,True,19,19,0
train,train_pair_0414,2274,4682,public_finance,public_finance,True,19,19,0
train,train_pair_0415,4310,4712,public_finance,public_finance,True,19,19,0
train,train_pair_0416,7523,5198,public_finance,public_finance,True,19,19,0
train,train_pair_0417,10365,6329,public_finance,public_finance,True,19,19,0
train,train_pair_0418,20570,7294,public_finance,public_finance,True,19,19,0
train,train_pair_0419,1517,747,public_finance,public_finance,True,20,20,0
train,train_pair_0420,2324,968,public_finance,public_finance,True,20,20,0
train,train_pair_0421,2813,2879,public_finance,public_finance,True,20,20,0
train,train_pair_0422,3071,6992,public_finance,public_finance,True,20,20,0
train,train_pair_0423,3100,7220,public_finance,public_finance,True,20,20,0
train,train_pair_0424,3710,7310,public_finance,public_finance,True,20,20,0
train,train_pair_0425,5566,7681,public_finance,public_finance,True,20,20,0
train,train_pair_0426,5681,7888,public_finance,public_finance,True,20,20,0
train,train_pair_0427,5959,8005,public_finance,public_finance,True,20,20,0
train,train_pair_0428,8776,8593,public_finance,public_finance,True,20,20,0
train,train_pair_0429,14665,9096,public_finance,public_finance,True,20,20,0
train,train_pair_0430,9580,1377,public_finance,public_finance,True,21,21,0
train,train_pair_0431,14398,1500,public_finance,public_finance,True,21,21,0
train,train_pair_0432,3070,3511,public_finance,public_finance,True,22,22,0
train,train_pair_0433,8468,3655,public_finance,public_finance,True,22,22,0
train,train_pair_0434,16192,3898,public_finance,public_finance,True,22,22,0
train,train_pair_0435,17729,4777,public_finance,public_finance,True,22,22,0
train,train_pair_0436,3489,883,public_finance,public_finance,True,23,23,0
train,train_pair_0437,4222,3390,public_finance,public_finance,True,23,23,0
train,train_pair_0438,7954,3783,public_finance,public_finance,True,23,23,0
train,train_pair_0439,16836,4053,public_finance,public_finance,True,23,23,0
train,train_pair_0440,17716,5496,public_finance,public_finance,True,23,23,0
train,train_pair_0441,2829,999,public_finance,public_finance,True,24,24,0
train,train_pair_0442,3873,1718,public_finance,public_finance,True,24,24,0
train,train_pair_0443,4597,4318,public_finance,public_finance,True,24,24,0
train,train_pair_0444,5316,6376,public_finance,public_finance,True,24,24,0
train,train_pair_0445,5516,8430,public_finance,public_finance,True,24,24,0
train,train_pair_0446,840,1508,public_finance,public_finance,True,25,25,0
train,train_pair_0447,1743,2055,public_finance,public_finance,True,25,25,0
train,train_pair_0448,1818,2622,public_finance,public_finance,True,25,25,0
train,train_pair_0449,2926,2675,public_finance,public_finance,True,25,25,0
train,train_pair_0450,3088,3324,public_finance,public_finance,True,25,25,0
train,train_pair_0451,3122,3705,public_finance,public_finance,True,25,25,0
train,train_pair_0452,4492,4061,public_finance,public_finance,True,25,25,0
train,train_pair_0453,4679,4900,public_finance,public_finance,True,25,25,0
train,train_pair_0454,5805,5442,public_finance,public_finance,True,25,25,0
train,train_pair_0455,6096,6094,public_finance,public_finance,True,25,25,0
train,train_pair_0456,6315,6902,public_finance,public_finance,True,25,25,0
train,train_pair_0457,848,3155,public_finance,public_finance,True,26,26,0
train,train_pair_0458,2825,5009,public_finance,public_finance,True,26,26,0
train,train_pair_0459,3548,16028,public_finance,public_finance,True,26,26,0
train,train_pair_0460,4113,17964,public_finance,public_finance,True,26,26,0
train,train_pair_0461,6174,1321,public_finance,public_finance,True,26,27,1
train,train_pair_0462,11209,1361,public_finance,public_finance,True,26,27,1
train,train_pair_0463,822,1372,public_finance,public_finance,True,27,27,0
train,train_pair_0464,4333,2103,public_finance,public_finance,True,27,27,0
train,train_pair_0465,7925,3141,public_finance,public_finance,True,27,27,0
train,train_pair_0466,8447,3792,public_finance,public_finance,True,27,27,0
train,train_pair_0467,18018,3911,public_finance,public_finance,True,27,27,0
train,train_pair_0468,19426,4073,public_finance,public_finance,True,27,27,0
train,train_pair_0469,954,1444,public_finance,public_finance,True,28,28,0
train,train_pair_0470,2543,2747,public_finance,public_finance,True,28,28,0
train,train_pair_0471,3521,3744,public_finance,public_finance,True,28,28,0
train,train_pair_0472,6372,4611,public_finance,public_finance,True,28,28,0
train,train_pair_0473,10858,5400,public_finance,public_finance,True,28,28,0
train,train_pair_0474,13408,11452,public_finance,public_finance,True,28,28,0
train,train_pair_0475,177,1326,public_finance,public_finance,True,29,29,0
train,train_pair_0476,5775,10112,public_finance,public_finance,True,29,29,0
train,train_pair_0477,7606,13117,public_finance,public_finance,True,29,29,0
train,train_pair_0478,9442,3094,public_finance,public_finance,True,29,30,1
train,train_pair_0479,21239,3980,public_finance,public_finance,True,29,30,1
train,train_pair_0480,1387,10917,public_finance,public_finance,True,30,30,0
train,train_pair_0481,7096,11296,public_finance,public_finance,True,30,30,0
train,train_pair_0482,10039,13294,public_finance,public_finance,True,30,30,0
train,train_pair_0483,1227,827,public_finance,public_finance,True,32,32,0
train,train_pair_0484,3069,1345,public_finance,public_finance,True,32,32,0
train,train_pair_0485,5800,3465,public_finance,public_finance,True,32,32,0
train,train_pair_0486,6092,832,public_finance,public_finance,True,33,33,0
train,train_pair_0487,10335,2760,public_finance,public_finance,True,33,33,0
train,train_pair_0488,5192,5621,public_finance,public_finance,True,34,34,0
train,train_pair_0489,9450,3316,public_finance,public_finance,True,34,33,1
train,train_pair_0490,14400,3422,public_finance,public_finance,True,34,33,1
train,train_pair_0491,1088,17574,public_finance,public_finance,True,35,35,0
train,train_pair_0492,4523,823,public_finance,public_finance,True,35,36,1
train,train_pair_0493,5866,3525,public_finance,public_finance,True,35,36,1
train,train_pair_0494,4246,7286,public_finance,public_finance,True,36,36,0
train,train_pair_0495,844,5584,public_finance,public_finance,True,38,38,0
train,train_pair_0496,4095,4676,public_finance,public_finance,True,38,39,1
train,train_pair_0497,17684,1279,public_finance,public_finance,True,38,41,3
train,train_pair_0498,2312,1313,public_finance,public_finance,True,43,42,1
train,train_pair_0499,11179,16311,public_finance,public_finance,True,43,44,1
train,train_pair_0500,3022,2259,taxation,taxation,True,5,6,1
train,train_pair_0501,13621,252,taxation,taxation,True,5,7,2
train,train_pair_0502,5872,510,taxation,taxation,True,6,7,1
train,train_pair_0503,1185,9114,taxation,taxation,True,7,7,0
train,train_pair_0504,3964,13885,taxation,taxation,True,7,7,0
train,train_pair_0505,1225,3023,taxation,taxation,True,8,8,0
train,train_pair_0506,2594,3578,taxation,taxation,True,8,8,0
train,train_pair_0507,3831,4765,taxation,taxation,True,8,8,0
train,train_pair_0508,6047,6313,taxation,taxation,True,8,8,0
train,train_pair_0509,8633,6719,taxation,taxation,True,8,8,0
train,train_pair_0510,12716,7132,taxation,taxation,True,8,8,0
train,train_pair_0511,20254,11652,taxation,taxation,True,8,8,0
train,train_pair_0512,2275,1315,taxation,taxation,True,9,9,0
train,train_pair_0513,2590,1356,taxation,taxation,True,9,9,0
train,train_pair_0514,4474,1975,taxation,taxation,True,9,9,0
train,train_pair_0515,5045,3557,taxation,taxation,True,9,9,0
train,train_pair_0516,6600,5141,taxation,taxation,True,9,9,0
train,train_pair_0517,7937,6239,taxation,taxation,True,9,9,0
train,train_pair_0518,9243,6252,taxation,taxation,True,9,9,0
train,train_pair_0519,9365,7568,taxation,taxation,True,9,9,0
train,train_pair_0520,13899,8271,taxation,taxation,True,9,9,0
train,train_pair_0521,403,276,taxation,taxation,True,10,10,0
train,train_pair_0522,5170,317,taxation,taxation,True,10,10,0
train,train_pair_0523,5948,2446,taxation,taxation,True,10,10,0
train,train_pair_0524,6033,4089,taxation,taxation,True,10,10,0
train,train_pair_0525,6117,4771,taxation,taxation,True,10,10,0
train,train_pair_0526,6341,6152,taxation,taxation,True,10,10,0
train,train_pair_0527,8569,8010,taxation,taxation,True,10,10,0
train,train_pair_0528,9551,8331,taxation,taxation,True,10,10,0
train,train_pair_0529,10848,8690,taxation,taxation,True,10,10,0
train,train_pair_0530,10912,9056,taxation,taxation,True,10,10,0
train,train_pair_0531,11235,10114,taxation,taxation,True,10,10,0
train,train_pair_0532,14797,12462,taxation,taxation,True,10,10,0
train,train_pair_0533,15225,18187,taxation,taxation,True,10,10,0
train,train_pair_0534,19010,21438,taxation,taxation,True,10,10,0
train,train_pair_0535,19275,1151,taxation,taxation,True,10,11,1
train,train_pair_0536,21883,2430,taxation,taxation,True,10,11,1
train,train_pair_0537,574,3318,taxation,taxation,True,11,11,0
train,train_pair_0538,1175,3358,taxation,taxation,True,11,11,0
train,train_pair_0539,1509,3760,taxation,taxation,True,11,11,0
train,train_pair_0540,2330,3885,taxation,taxation,True,11,11,0
train,train_pair_0541,3000,4034,taxation,taxation,True,11,11,0
train,train_pair_0542,4026,4463,taxation,taxation,True,11,11,0
train,train_pair_0543,4727,4937,taxation,taxation,True,11,11,0
train,train_pair_0544,5828,4951,taxation,taxation,True,11,11,0
train,train_pair_0545,5871,5799,taxation,taxation,True,11,11,0
train,train_pair_0546,6390,5945,taxation,taxation,True,11,11,0
train,train_pair_0547,6637,6249,taxation,taxation,True,11,11,0
train,train_pair_0548,7080,6521,taxation,taxation,True,11,11,0
train,train_pair_0549,7451,7017,taxation,taxation,True,11,11,0
train,train_pair_0550,9292,8238,taxation,taxation,True,11,11,0
train,train_pair_0551,9935,9566,taxation,taxation,True,11,11,0
train,train_pair_0552,10882,12786,taxation,taxation,True,11,11,0
train,train_pair_0553,14790,12820,taxation,taxation,True,11,11,0
train,train_pair_0554,16429,13380,taxation,taxation,True,11,11,0
train,train_pair_0555,18324,376,taxation,taxation,True,11,12,1
train,train_pair_0556,18435,695,taxation,taxation,True,11,12,1
train,train_pair_0557,18606,713,taxation,taxation,True,11,12,1
train,train_pair_0558,1097,1429,taxation,taxation,True,12,12,0
train,train_pair_0559,2044,1954,taxation,taxation,True,12,12,0
train,train_pair_0560,2263,2141,taxation,taxation,True,12,12,0
train,train_pair_0561,2369,2853,taxation,taxation,True,12,12,0
train,train_pair_0562,2378,3533,taxation,taxation,True,12,12,0
train,train_pair_0563,2807,4294,taxation,taxation,True,12,12,0
train,train_pair_0564,3945,4596,taxation,taxation,True,12,12,0
train,train_pair_0565,4075,4638,taxation,taxation,True,12,12,0
train,train_pair_0566,4752,4825,taxation,taxation,True,12,12,0
train,train_pair_0567,5942,4964,taxation,taxation,True,12,12,0
train,train_pair_0568,6627,5847,taxation,taxation,True,12,12,0
train,train_pair_0569,6937,5914,taxation,taxation,True,12,12,0
train,train_pair_0570,9310,7161,taxation,taxation,True,12,12,0
train,train_pair_0571,10286,7166,taxation,taxation,True,12,12,0
train,train_pair_0572,13317,7212,taxation,taxation,True,12,12,0
train,train_pair_0573,13834,7403,taxation,taxation,True,12,12,0
train,train_pair_0574,14253,7942,taxation,taxation,True,12,12,0
train,train_pair_0575,14328,8474,taxation,taxation,True,12,12,0
train,train_pair_0576,14536,9057,taxation,taxation,True,12,12,0
train,train_pair_0577,15042,10178,taxation,taxation,True,12,12,0
train,train_pair_0578,16387,11433,taxation,taxation,True,12,12,0
train,train_pair_0579,18669,14575,taxation,taxation,True,12,12,0
train,train_pair_0580,22628,15080,taxation,taxation,True,12,12,0
train,train_pair_0581,418,622,taxation,taxation,True,13,13,0
train,train_pair_0582,577,1855,taxation,taxation,True,13,13,0
train,train_pair_0583,591,3024,taxation,taxation,True,13,13,0
train,train_pair_0584,1419,3215,taxation,taxation,True,13,13,0
train,train_pair_0585,2033,3490,taxation,taxation,True,13,13,0
train,train_pair_0586,2034,4058,taxation,taxation,True,13,13,0
train,train_pair_0587,2078,4166,taxation,taxation,True,13,13,0
train,train_pair_0588,2117,4369,taxation,taxation,True,13,13,0
train,train_pair_0589,2351,4786,taxation,taxation,True,13,13,0
train,train_pair_0590,2411,5208,taxation,taxation,True,13,13,0
train,train_pair_0591,3052,5504,taxation,taxation,True,13,13,0
train,train_pair_0592,3443,5527,taxation,taxation,True,13,13,0
train,train_pair_0593,4849,5615,taxation,taxation,True,13,13,0
train,train_pair_0594,5643,5956,taxation,taxation,True,13,13,0
train,train_pair_0595,6432,6422,taxation,taxation,True,13,13,0
train,train_pair_0596,8775,6632,taxation,taxation,True,13,13,0
train,train_pair_0597,10945,7249,taxation,taxation,True,13,13,0
train,train_pair_0598,13770,8549,taxation,taxation,True,13,13,0
train,train_pair_0599,13982,8654,taxation,taxation,True,13,13,0
train,train_pair_0600,14146,9347,taxation,taxation,True,13,13,0
train,train_pair_0601,16521,10205,taxation,taxation,True,13,13,0
train,train_pair_0602,1887,778,taxation,taxation,True,14,14,0
train,train_pair_0603,4144,1114,taxation,taxation,True,14,14,0
train,train_pair_0604,4381,2950,taxation,taxation,True,14,14,0
train,train_pair_0605,4430,2988,taxation,taxation,True,14,14,0
train,train_pair_0606,5634,3138,taxation,taxation,True,14,14,0
train,train_pair_0607,5960,3243,taxation,taxation,True,14,14,0
train,train_pair_0608,7998,3457,taxation,taxation,True,14,14,0
train,train_pair_0609,8069,3595,taxation,taxation,True,14,14,0
train,train_pair_0610,8122,4102,taxation,taxation,True,14,14,0
train,train_pair_0611,9523,5040,taxation,taxation,True,14,14,0
train,train_pair_0612,10907,6020,taxation,taxation,True,14,14,0
train,train_pair_0613,12458,6177,taxation,taxation,True,14,14,0
train,train_pair_0614,13372,6555,taxation,taxation,True,14,14,0
train,train_pair_0615,13832,7069,taxation,taxation,True,14,14,0
train,train_pair_0616,13930,8075,taxation,taxation,True,14,14,0
train,train_pair_0617,15615,11633,taxation,taxation,True,14,14,0
train,train_pair_0618,18337,12028,taxation,taxation,True,14,14,0
train,train_pair_0619,18692,12411,taxation,taxation,True,14,14,0
train,train_pair_0620,19688,12508,taxation,taxation,True,14,14,0
train,train_pair_0621,20677,13285,taxation,taxation,True,14,14,0
train,train_pair_0622,493,260,taxation,taxation,True,15,15,0
train,train_pair_0623,750,673,taxation,taxation,True,15,15,0
train,train_pair_0624,814,1439,taxation,taxation,True,15,15,0
train,train_pair_0625,1506,4247,taxation,taxation,True,15,15,0
train,train_pair_0626,1637,4666,taxation,taxation,True,15,15,0
train,train_pair_0627,2348,5350,taxation,taxation,True,15,15,0
train,train_pair_0628,2526,7079,taxation,taxation,True,15,15,0
train,train_pair_0629,3287,9823,taxation,taxation,True,15,15,0
train,train_pair_0630,4846,11219,taxation,taxation,True,15,15,0
train,train_pair_0631,5033,11998,taxation,taxation,True,15,15,0
train,train_pair_0632,5482,12890,taxation,taxation,True,15,15,0
train,train_pair_0633,5880,16206,taxation,taxation,True,15,15,0
train,train_pair_0634,5885,16396,taxation,taxation,True,15,15,0
train,train_pair_0635,5933,17724,taxation,taxation,True,15,15,0
train,train_pair_0636,7040,19325,taxation,taxation,True,15,15,0
train,train_pair_0637,9722,22784,taxation,taxation,True,15,15,0
train,train_pair_0638,11268,2236,taxation,taxation,True,15,16,1
train,train_pair_0639,13592,2337,taxation,taxation,True,15,16,1
train,train_pair_0640,14117,5532,taxation,taxation,True,15,16,1
train,train_pair_0641,14785,6157,taxation,taxation,True,15,16,1
train,train_pair_0642,18230,6558,taxation,taxation,True,15,16,1
train,train_pair_0643,21326,6736,taxation,taxation,True,15,16,1
train,train_pair_0644,578,6834,taxation,taxation,True,16,16,0
train,train_pair_0645,800,8401,taxation,taxation,True,16,16,0
train,train_pair_0646,2277,9137,taxation,taxation,True,16,16,0
train,train_pair_0647,2558,10199,taxation,taxation,True,16,16,0
train,train_pair_0648,2559,10477,taxation,taxation,True,16,16,0
train,train_pair_0649,3234,11632,taxation,taxation,True,16,16,0
train,train_pair_0650,3930,11937,taxation,taxation,True,16,16,0
train,train_pair_0651,4581,12726,taxation,taxation,True,16,16,0
train,train_pair_0652,4903,13253,taxation,taxation,True,16,16,0
train,train_pair_0653,6303,13881,taxation,taxation,True,16,16,0
train,train_pair_0654,6314,15623,taxation,taxation,True,16,16,0
train,train_pair_0655,7238,18732,taxation,taxation,True,16,16,0
train,train_pair_0656,7633,23165,taxation,taxation,True,16,16,0
train,train_pair_0657,8674,1156,taxation,taxation,True,16,17,1
train,train_pair_0658,9124,2401,taxation,taxation,True,16,17,1
train,train_pair_0659,12268,3473,taxation,taxation,True,16,17,1
train,train_pair_0660,14089,3564,taxation,taxation,True,16,17,1
train,train_pair_0661,15050,6204,taxation,taxation,True,16,17,1
train,train_pair_0662,21804,6261,taxation,taxation,True,16,17,1
train,train_pair_0663,1020,6453,taxation,taxation,True,17,17,0
train,train_pair_0664,1026,6810,taxation,taxation,True,17,17,0
train,train_pair_0665,3167,7003,taxation,taxation,True,17,17,0
train,train_pair_0666,3436,7205,taxation,taxation,True,17,17,0
train,train_pair_0667,3687,7348,taxation,taxation,True,17,17,0
train,train_pair_0668,4500,7749,taxation,taxation,True,17,17,0
train,train_pair_0669,5018,8396,taxation,taxation,True,17,17,0
train,train_pair_0670,5545,8629,taxation,taxation,True,17,17,0
train,train_pair_0671,5757,9481,taxation,taxation,True,17,17,0
train,train_pair_0672,5983,9758,taxation,taxation,True,17,17,0
train,train_pair_0673,7846,13800,taxation,taxation,True,17,17,0
train,train_pair_0674,9348,13843,taxation,taxation,True,17,17,0
train,train_pair_0675,13869,14016,taxation,taxation,True,17,17,0
train,train_pair_0676,13996,14561,taxation,taxation,True,17,17,0
train,train_pair_0677,14051,19216,taxation,taxation,True,17,17,0
train,train_pair_0678,15115,19713,taxation,taxation,True,17,17,0
train,train_pair_0679,16277,1766,taxation,taxation,True,17,18,1
train,train_pair_0680,19297,2433,taxation,taxation,True,17,18,1
train,train_pair_0681,879,3921,taxation,taxation,True,18,18,0
train,train_pair_0682,1943,4083,taxation,taxation,True,18,18,0
train,train_pair_0683,2123,4124,taxation,taxation,True,18,18,0
train,train_pair_0684,2489,5673,taxation,taxation,True,18,18,0
train,train_pair_0685,2987,5875,taxation,taxation,True,18,18,0
train,train_pair_0686,3060,6065,taxation,taxation,True,18,18,0
train,train_pair_0687,4138,8534,taxation,taxation,True,18,18,0
train,train_pair_0688,4293,9767,taxation,taxation,True,18,18,0
train,train_pair_0689,4562,12415,taxation,taxation,True,18,18,0
train,train_pair_0690,4812,16034,taxation,taxation,True,18,18,0
train,train_pair_0691,5581,20536,taxation,taxation,True,18,18,0
train,train_pair_0692,6296,2656,taxation,taxation,True,18,19,1
train,train_pair_0693,7769,2991,taxation,taxation,True,18,19,1
train,train_pair_0694,8391,3115,taxation,taxation,True,18,19,1
train,train_pair_0695,10225,3130,taxation,taxation,True,18,19,1
train,train_pair_0696,11454,3255,taxation,taxation,True,18,19,1
train,train_pair_0697,12662,3776,taxation,taxation,True,18,19,1
train,train_pair_0698,2517,3934,taxation,taxation,True,19,19,0
train,train_pair_0699,3818,5717,taxation,taxation,True,19,19,0
train,train_pair_0700,3895,6671,taxation,taxation,True,19,19,0
train,train_pair_0701,5760,6955,taxation,taxation,True,19,19,0
train,train_pair_0702,6356,8873,taxation,taxation,True,19,19,0
train,train_pair_0703,9191,9680,taxation,taxation,True,19,19,0
train,train_pair_0704,12042,10754,taxation,taxation,True,19,19,0
train,train_pair_0705,14479,11257,taxation,taxation,True,19,19,0
train,train_pair_0706,22512,11559,taxation,taxation,True,19,19,0
train,train_pair_0707,22662,13031,taxation,taxation,True,19,19,0
train,train_pair_0708,289,751,taxation,taxation,True,20,20,0
train,train_pair_0709,1565,772,taxation,taxation,True,20,20,0
train,train_pair_0710,2471,3188,taxation,taxation,True,20,20,0
train,train_pair_0711,5899,3545,taxation,taxation,True,20,20,0
train,train_pair_0712,8863,3556,taxation,taxation,True,20,20,0
train,train_pair_0713,9804,3893,taxation,taxation,True,20,20,0
train,train_pair_0714,13231,4451,taxation,taxation,True,20,20,0
train,train_pair_0715,13240,5529,taxation,taxation,True,20,20,0
train,train_pair_0716,13429,6811,taxation,taxation,True,20,20,0
train,train_pair_0717,13928,10658,taxation,taxation,True,20,20,0
train,train_pair_0718,16042,15890,taxation,taxation,True,20,20,0
train,train_pair_0719,21852,17269,taxation,taxation,True,20,20,0
train,train_pair_0720,2614,3042,taxation,taxation,True,21,21,0
train,train_pair_0721,2734,3446,taxation,taxation,True,21,21,0
train,train_pair_0722,4621,7718,taxation,taxation,True,21,21,0
train,train_pair_0723,5919,8290,taxation,taxation,True,21,21,0
train,train_pair_0724,6673,10946,taxation,taxation,True,21,21,0
train,train_pair_0725,6784,11051,taxation,taxation,True,21,21,0
train,train_pair_0726,8028,12133,taxation,taxation,True,21,21,0
train,train_pair_0727,8278,13568,taxation,taxation,True,21,21,0
train,train_pair_0728,9357,14095,taxation,taxation,True,21,21,0
train,train_pair_0729,10694,14234,taxation,taxation,True,21,21,0
train,train_pair_0730,13406,21284,taxation,taxation,True,21,21,0
train,train_pair_0731,16186,875,taxation,taxation,True,21,22,1
train,train_pair_0732,16900,1125,taxation,taxation,True,21,22,1
train,train_pair_0733,931,1843,taxation,taxation,True,22,22,0
train,train_pair_0734,2058,4428,taxation,taxation,True,22,22,0
train,train_pair_0735,4542,5373,taxation,taxation,True,22,22,0
train,train_pair_0736,6089,7060,taxation,taxation,True,22,22,0
train,train_pair_0737,7116,10034,taxation,taxation,True,22,22,0
train,train_pair_0738,12515,10287,taxation,taxation,True,22,22,0
train,train_pair_0739,14127,12894,taxation,taxation,True,22,22,0
train,train_pair_0740,15254,13781,taxation,taxation,True,22,22,0
train,train_pair_0741,15259,16073,taxation,taxation,True,22,22,0
train,train_pair_0742,15340,208,taxation,taxation,True,22,23,1
train,train_pair_0743,20303,3011,taxation,taxation,True,22,23,1
train,train_pair_0744,21898,4279,taxation,taxation,True,22,23,1
train,train_pair_0745,1747,5444,taxation,taxation,True,23,23,0
train,train_pair_0746,2628,6818,taxation,taxation,True,23,23,0
train,train_pair_0747,2911,7353,taxation,taxation,True,23,23,0
train,train_pair_0748,4994,8746,taxation,taxation,True,23,23,0
train,train_pair_0749,5904,9779,taxation,taxation,True,23,23,0
train,train_pair_0750,6010,10064,taxation,taxation,True,23,23,0
train,train_pair_0751,11746,11648,taxation,taxation,True,23,23,0
train,train_pair_0752,12272,12538,taxation,taxation,True,23,23,0
train,train_pair_0753,12321,13110,taxation,taxation,True,23,23,0
train,train_pair_0754,20353,14220,taxation,taxation,True,23,23,0
train,train_pair_0755,20371,16229,taxation,taxation,True,23,23,0
train,train_pair_0756,21076,111,taxation,taxation,True,23,24,1
train,train_pair_0757,338,159,taxation,taxation,True,24,24,0
train,train_pair_0758,5385,642,taxation,taxation,True,24,24,0
train,train_pair_0759,5664,849,taxation,taxation,True,24,24,0
train,train_pair_0760,6070,965,taxation,taxation,True,24,24,0
train,train_pair_0761,6425,1902,taxation,taxation,True,24,24,0
train,train_pair_0762,6748,3836,taxation,taxation,True,24,24,0
train,train_pair_0763,6861,6145,taxation,taxation,True,24,24,0
train,train_pair_0764,11572,6486,taxation,taxation,True,24,24,0
train,train_pair_0765,12464,7176,taxation,taxation,True,24,24,0
train,train_pair_0766,14052,7371,taxation,taxation,True,24,24,0
train,train_pair_0767,14900,8223,taxation,taxation,True,24,24,0
train,train_pair_0768,20333,8738,taxation,taxation,True,24,24,0
train,train_pair_0769,1074,1730,taxation,taxation,True,25,25,0
train,train_pair_0770,1194,3392,taxation,taxation,True,25,25,0
train,train_pair_0771,3121,4205,taxation,taxation,True,25,25,0
train,train_pair_0772,9811,4922,taxation,taxation,True,25,25,0
train,train_pair_0773,11752,6378,taxation,taxation,True,25,25,0
train,train_pair_0774,7469,1333,taxation,taxation,True,26,26,0
train,train_pair_0775,8546,2763,taxation,taxation,True,26,26,0
train,train_pair_0776,8991,4134,taxation,taxation,True,26,26,0
train,train_pair_0777,20456,4163,taxation,taxation,True,26,26,0
train,train_pair_0778,1498,142,taxation,taxation,True,27,27,0
train,train_pair_0779,3513,239,taxation,taxation,True,27,27,0
train,train_pair_0780,3940,2871,taxation,taxation,True,27,27,0
train,train_pair_0781,7188,3842,taxation,taxation,True,27,27,0
train,train_pair_0782,8281,6021,taxation,taxation,True,27,27,0
train,train_pair_0783,8397,7007,taxation,taxation,True,27,27,0
train,train_pair_0784,13678,7436,taxation,taxation,True,27,27,0
train,train_pair_0785,4661,176,taxation,taxation,True,28,28,0
train,train_pair_0786,6344,816,taxation,taxation,True,28,28,0
train,train_pair_0787,8762,2722,taxation,taxation,True,28,28,0
train,train_pair_0788,8820,6669,taxation,taxation,True,28,28,0
train,train_pair_0789,13173,7281,taxation,taxation,True,28,28,0
train,train_pair_0790,16104,7547,taxation,taxation,True,28,28,0
train,train_pair_0791,17497,8042,taxation,taxation,True,28,28,0
train,train_pair_0792,3262,863,taxation,taxation,True,29,29,0
train,train_pair_0793,5558,2650,taxation,taxation,True,29,29,0
train,train_pair_0794,14023,6312,taxation,taxation,True,29,29,0
train,train_pair_0795,16967,7255,taxation,taxation,True,29,29,0
train,train_pair_0796,21736,9983,taxation,taxation,True,29,29,0
train,train_pair_0797,5900,815,taxation,taxation,True,30,30,0
train,train_pair_0798,5997,2647,taxation,taxation,True,30,30,0
train,train_pair_0799,4261,2424,taxation,taxation,True,31,31,0
train,train_pair_0800,17124,4413,taxation,taxation,True,31,31,0
train,train_pair_0801,21672,6597,taxation,taxation,True,31,31,0
train,train_pair_0802,21825,2565,taxation,taxation,True,32,32,0
train,train_pair_0803,2924,141,taxation,taxation,True,33,33,0
train,train_pair_0804,1178,5861,taxation,taxation,True,34,34,0
train,train_pair_0805,20577,2999,taxation,taxation,True,34,33,1
train,train_pair_0806,4196,6709,taxation,taxation,True,35,35,0
train,train_pair_0807,15898,5445,taxation,taxation,True,35,36,1
train,train_pair_0808,12291,5661,taxation,taxation,True,36,36,0
train,train_pair_0809,16994,11744,taxation,taxation,True,36,36,0
train,train_pair_0810,1064,2842,taxation,taxation,True,38,38,0
train,train_pair_0811,5426,3461,taxation,taxation,True,39,38,1
train,train_pair_0812,17280,7314,taxation,taxation,True,39,38,1
train,train_pair_0813,2311,114,taxation,taxation,True,41,41,0
train,train_pair_0814,12553,3480,taxation,taxation,True,41,41,0
train,train_pair_0815,1370,9373,taxation,taxation,True,43,41,2
train,train_pair_0816,17181,3286,taxation,taxation,True,45,46,1
validation,validation_pair_0001,4368,6064,social_welfare,social_welfare,True,7,10,3
validation,validation_pair_0002,7865,1302,social_welfare,labour_and_income,False,11,11,0
validation,validation_pair_0003,16122,454,social_welfare,public_finance,False,18,18,0
validation,validation_pair_0004,20412,6580,social_welfare,public_finance,False,26,26,0
validation,validation_pair_0005,23327,2394,business_and_markets,public_finance,False,8,8,0
validation,validation_pair_0006,12032,6860,macroeconomy,macroeconomy,True,5,8,3
validation,validation_pair_0007,21591,9119,macroeconomy,macroeconomy,True,9,11,2
validation,validation_pair_0008,20652,20945,macroeconomy,macroeconomy,True,10,14,4
validation,validation_pair_0009,3671,6612,macroeconomy,macroeconomy,True,13,15,2
validation,validation_pair_0010,16833,11424,macroeconomy,macroeconomy,True,13,17,4
validation,validation_pair_0011,11724,20781,macroeconomy,macroeconomy,True,14,17,3
validation,validation_pair_0012,13618,8849,macroeconomy,macroeconomy,True,19,23,4
validation,validation_pair_0013,15962,1418,macroeconomy,taxation,False,20,20,0
validation,validation_pair_0014,18473,829,macroeconomy,public_finance,False,21,21,0
validation,validation_pair_0015,5425,967,macroeconomy,public_finance,False,22,22,0
validation,validation_pair_0016,22094,2158,macroeconomy,taxation,False,22,22,0
validation,validation_pair_0017,1115,504,macroeconomy,taxation,False,23,23,0
validation,validation_pair_0018,14789,293,macroeconomy,labour_and_income,False,25,25,0
validation,validation_pair_0019,2308,5207,macroeconomy,labour_and_income,False,28,28,0
validation,validation_pair_0020,4043,235,taxation,taxation,True,6,7,1
validation,validation_pair_0021,1784,3124,taxation,taxation,True,7,9,2
validation,validation_pair_0022,5943,11165,taxation,taxation,True,8,9,1
validation,validation_pair_0023,6528,12785,taxation,taxation,True,8,9,1
validation,validation_pair_0024,11692,7254,taxation,taxation,True,8,10,2
validation,validation_pair_0025,3053,15645,taxation,taxation,True,9,10,1
validation,validation_pair_0026,4668,19834,taxation,taxation,True,9,11,2
validation,validation_pair_0027,4781,2640,taxation,taxation,True,9,12,3
validation,validation_pair_0028,5961,5517,taxation,taxation,True,9,12,3
validation,validation_pair_0029,6428,12473,taxation,taxation,True,9,12,3
validation,validation_pair_0030,10662,15206,taxation,taxation,True,9,12,3
validation,validation_pair_0031,2601,19542,taxation,taxation,True,10,12,2
validation,validation_pair_0032,4308,5286,taxation,taxation,True,10,13,3
validation,validation_pair_0033,5042,22900,taxation,taxation,True,10,13,3
validation,validation_pair_0034,14692,5940,taxation,taxation,True,10,14,4
validation,validation_pair_0035,14219,6384,taxation,taxation,True,11,14,3
validation,validation_pair_0036,11491,10274,taxation,taxation,True,12,14,2
validation,validation_pair_0037,12161,7026,taxation,taxation,True,12,15,3
validation,validation_pair_0038,2506,5028,taxation,taxation,True,13,16,3
validation,validation_pair_0039,18253,4633,taxation,taxation,True,13,17,4
validation,validation_pair_0040,2413,5153,taxation,taxation,True,14,17,3
validation,validation_pair_0041,3033,12860,taxation,taxation,True,14,17,3
validation,validation_pair_0042,11718,3268,taxation,taxation,True,14,18,4
validation,validation_pair_0043,12642,13456,taxation,taxation,True,14,18,4
validation,validation_pair_0044,4179,4807,taxation,taxation,True,15,19,4
validation,validation_pair_0045,5478,4872,taxation,taxation,True,15,19,4
validation,validation_pair_0046,2226,5552,taxation,taxation,True,16,19,3
validation,validation_pair_0047,14048,1786,taxation,taxation,True,16,20,4
validation,validation_pair_0048,15015,15824,taxation,taxation,True,16,20,4
validation,validation_pair_0049,18612,2286,taxation,taxation,True,19,21,2
validation,validation_pair_0050,5855,5185,taxation,taxation,True,20,21,1
validation,validation_pair_0051,2237,10375,taxation,taxation,True,21,21,0
validation,validation_pair_0052,7499,1228,taxation,taxation,True,21,27,6
validation,validation_pair_0053,3953,7629,taxation,taxation,True,22,29,7
validation,validation_pair_0054,5500,8311,taxation,taxation,True,25,30,5
validation,validation_pair_0055,5928,4548,taxation,taxation,True,25,31,6
validation,validation_pair_0056,3340,2661,taxation,taxation,True,26,32,6
validation,validation_pair_0057,12423,4411,taxation,taxation,True,26,32,6
validation,validation_pair_0058,6212,5006,taxation,public_finance,False,27,27,0
validation,validation_pair_0059,886,20376,taxation,public_finance,False,28,28,0
validation,validation_pair_0060,3560,2660,taxation,public_finance,False,30,30,0
validation,validation_pair_0061,18260,2782,taxation,labour_and_income,False,30,29,1
validation,validation_pair_0062,14495,15896,taxation,public_finance,False,31,31,0
validation,validation_pair_0063,18084,15,taxation,labour_and_income,False,60,66,6
validation,validation_pair_0064,3859,5156,labour_and_income,labour_and_income,True,7,9,2
validation,validation_pair_0065,5068,3064,labour_and_income,labour_and_income,True,7,10,3
validation,validation_pair_0066,6396,8460,labour_and_income,labour_and_income,True,7,10,3
validation,validation_pair_0067,3402,10065,labour_and_income,labour_and_income,True,8,10,2
validation,validation_pair_0068,4307,13147,labour_and_income,labour_and_income,True,10,10,0
validation,validation_pair_0069,4117,9556,labour_and_income,labour_and_income,True,12,12,0
validation,validation_pair_0070,1374,2298,labour_and_income,labour_and_income,True,13,13,0
validation,validation_pair_0071,4982,4963,labour_and_income,labour_and_income,True,14,14,0
validation,validation_pair_0072,9148,6238,labour_and_income,labour_and_income,True,14,14,0
validation,validation_pair_0073,3643,4681,labour_and_income,labour_and_income,True,16,16,0
validation,validation_pair_0074,5630,5432,labour_and_income,labour_and_income,True,16,16,0
validation,validation_pair_0075,4434,9480,labour_and_income,labour_and_income,True,17,17,0
validation,validation_pair_0076,6630,15868,labour_and_income,labour_and_income,True,17,17,0
validation,validation_pair_0077,10379,8425,labour_and_income,labour_and_income,True,17,18,1
validation,validation_pair_0078,4968,9907,labour_and_income,labour_and_income,True,18,18,0
validation,validation_pair_0079,12948,4181,labour_and_income,labour_and_income,True,20,20,0
validation,validation_pair_0080,13217,16959,labour_and_income,labour_and_income,True,20,20,0
validation,validation_pair_0081,5629,5070,labour_and_income,labour_and_income,True,22,22,0
validation,validation_pair_0082,10618,7320,labour_and_income,labour_and_income,True,22,22,0
validation,validation_pair_0083,1458,11620,labour_and_income,labour_and_income,True,23,23,0
validation,validation_pair_0084,6645,7135,labour_and_income,labour_and_income,True,31,33,2
validation,validation_pair_0085,13502,8494,labour_and_income,labour_and_income,True,37,35,2
validation,validation_pair_0086,3929,3733,public_finance,public_finance,True,8,8,0
validation,validation_pair_0087,3892,885,public_finance,public_finance,True,9,9,0
validation,validation_pair_0088,3102,1911,public_finance,public_finance,True,10,10,0
validation,validation_pair_0089,4931,8126,public_finance,public_finance,True,10,10,0
validation,validation_pair_0090,8615,9431,public_finance,public_finance,True,10,10,0
validation,validation_pair_0091,6353,3179,public_finance,public_finance,True,11,12,1
validation,validation_pair_0092,15276,3739,public_finance,public_finance,True,11,12,1
validation,validation_pair_0093,3662,3801,public_finance,public_finance,True,12,14,2
validation,validation_pair_0094,5015,4004,public_finance,public_finance,True,14,14,0
validation,validation_pair_0095,21244,6794,public_finance,public_finance,True,14,14,0
validation,validation_pair_0096,1802,821,public_finance,public_finance,True,15,15,0
validation,validation_pair_0097,2625,2820,public_finance,public_finance,True,15,15,0
validation,validation_pair_0098,3486,12421,public_finance,public_finance,True,15,15,0
validation,validation_pair_0099,19871,4999,public_finance,public_finance,True,15,16,1
validation,validation_pair_0100,1541,8144,public_finance,public_finance,True,17,17,0
validation,validation_pair_0101,4160,3851,public_finance,public_finance,True,17,18,1
validation,validation_pair_0102,9204,5328,public_finance,public_finance,True,17,16,1
validation,validation_pair_0103,2876,14600,public_finance,public_finance,True,18,18,0
validation,validation_pair_0104,3143,3221,public_finance,public_finance,True,18,20,2
validation,validation_pair_0105,4637,2938,public_finance,public_finance,True,19,21,2
validation,validation_pair_0106,6415,717,public_finance,public_finance,True,23,24,1
validation,validation_pair_0107,2316,3627,public_finance,public_finance,True,24,24,0
validation,validation_pair_0108,15783,15937,public_finance,public_finance,True,26,26,0
validation,validation_pair_0109,826,3178,public_finance,public_finance,True,28,29,1
validation,validation_pair_0110,3793,15501,public_finance,public_finance,True,29,29,0
validation,validation_pair_0111,7030,4046,public_finance,public_finance,True,35,35,0
validation,validation_pair_0112,5128,7275,public_finance,public_finance,True,37,36,1
validation,validation_pair_0113,5947,14272,public_finance,public_finance,True,37,38,1
validation,validation_pair_0114,18293,14963,public_finance,taxation,False,55,44,11
test,test_pair_0001,5522,11655,macroeconomy,macroeconomy,True,8,15,7
test,test_pair_0002,21531,11123,macroeconomy,labour_and_income,False,9,9,0
test,test_pair_0003,4832,3736,macroeconomy,taxation,False,11,11,0
test,test_pair_0004,16050,1135,macroeconomy,labour_and_income,False,13,13,0
test,test_pair_0005,22818,1495,macroeconomy,public_finance,False,14,14,0
test,test_pair_0006,22110,2152,macroeconomy,public_finance,False,15,15,0
test,test_pair_0007,6863,2036,macroeconomy,public_finance,False,17,17,0
test,test_pair_0008,6193,4850,business_and_markets,labour_and_income,False,37,37,0
test,test_pair_0009,2218,2062,social_welfare,public_finance,False,8,8,0
test,test_pair_0010,16853,2520,social_welfare,labour_and_income,False,13,13,0
test,test_pair_0011,16893,5989,social_welfare,social_welfare,True,14,23,9
test,test_pair_0012,20892,23031,public_finance,public_finance,True,8,10,2
test,test_pair_0013,2358,14293,public_finance,public_finance,True,10,11,1
test,test_pair_0014,8737,4613,public_finance,public_finance,True,10,12,2
test,test_pair_0015,10512,4839,public_finance,public_finance,True,10,12,2
test,test_pair_0016,4103,7604,public_finance,public_finance,True,11,12,1
test,test_pair_0017,2717,22229,public_finance,public_finance,True,12,12,0
test,test_pair_0018,3341,10300,public_finance,public_finance,True,12,13,1
test,test_pair_0019,6583,11817,public_finance,public_finance,True,13,13,0
test,test_pair_0020,8356,6878,public_finance,public_finance,True,13,14,1
test,test_pair_0021,8703,12039,public_finance,public_finance,True,13,14,1
test,test_pair_0022,7418,3996,public_finance,public_finance,True,14,17,3
test,test_pair_0023,2665,6773,public_finance,public_finance,True,15,17,2
test,test_pair_0024,3089,9412,public_finance,public_finance,True,16,17,1
test,test_pair_0025,19452,14729,public_finance,public_finance,True,17,18,1
test,test_pair_0026,5646,2598,public_finance,public_finance,True,19,19,0
test,test_pair_0027,20842,2566,public_finance,public_finance,True,19,20,1
test,test_pair_0028,8484,11532,public_finance,public_finance,True,20,20,0
test,test_pair_0029,830,1995,public_finance,public_finance,True,21,21,0
test,test_pair_0030,4017,4094,public_finance,public_finance,True,21,21,0
test,test_pair_0031,10619,4670,public_finance,public_finance,True,22,22,0
test,test_pair_0032,3597,6835,public_finance,public_finance,True,25,23,2
test,test_pair_0033,3663,1260,public_finance,public_finance,True,25,28,3
test,test_pair_0034,3899,1346,public_finance,public_finance,True,25,28,3
test,test_pair_0035,2929,4003,public_finance,public_finance,True,27,28,1
test,test_pair_0036,950,15008,public_finance,public_finance,True,29,29,0
test,test_pair_0037,13884,3936,public_finance,public_finance,True,29,30,1
test,test_pair_0038,3125,5707,public_finance,public_finance,True,32,33,1
test,test_pair_0039,6164,10703,public_finance,public_finance,True,33,28,5
test,test_pair_0040,14511,5659,public_finance,labour_and_income,False,38,39,1
test,test_pair_0041,3735,10950,labour_and_income,labour_and_income,True,8,7,1
test,test_pair_0042,13695,8149,labour_and_income,labour_and_income,True,8,10,2
test,test_pair_0043,8519,9644,labour_and_income,labour_and_income,True,10,10,0
test,test_pair_0044,10818,3946,labour_and_income,labour_and_income,True,10,11,1
test,test_pair_0045,9061,8245,labour_and_income,labour_and_income,True,11,11,0
test,test_pair_0046,9510,7819,labour_and_income,labour_and_income,True,11,12,1
test,test_pair_0047,14834,7931,labour_and_income,labour_and_income,True,12,12,0
test,test_pair_0048,4084,5583,labour_and_income,labour_and_income,True,13,13,0
test,test_pair_0049,5056,6958,labour_and_income,labour_and_income,True,13,13,0
test,test_pair_0050,5769,3357,labour_and_income,labour_and_income,True,14,14,0
test,test_pair_0051,7130,9265,labour_and_income,labour_and_income,True,14,14,0
test,test_pair_0052,2532,13055,labour_and_income,labour_and_income,True,16,16,0
test,test_pair_0053,10091,3770,labour_and_income,labour_and_income,True,16,17,1
test,test_pair_0054,4731,4290,labour_and_income,labour_and_income,True,17,18,1
test,test_pair_0055,8624,4652,labour_and_income,labour_and_income,True,17,18,1
test,test_pair_0056,10561,11660,labour_and_income,labour_and_income,True,18,19,1
test,test_pair_0057,8179,5915,labour_and_income,labour_and_income,True,19,20,1
test,test_pair_0058,14103,6248,labour_and_income,labour_and_income,True,22,22,0
test,test_pair_0059,15214,23236,labour_and_income,labour_and_income,True,22,22,0
test,test_pair_0060,5953,8342,labour_and_income,labour_and_income,True,25,26,1
test,test_pair_0061,12670,15667,labour_and_income,labour_and_income,True,26,24,2
test,test_pair_0062,9062,5670,labour_and_income,labour_and_income,True,27,23,4
test,test_pair_0063,7446,12054,labour_and_income,labour_and_income,True,28,33,5
test,test_pair_0064,842,2168,taxation,taxation,True,9,8,1
test,test_pair_0065,8320,9532,taxation,taxation,True,9,8,1
test,test_pair_0066,18486,10681,taxation,taxation,True,10,10,0
test,test_pair_0067,19529,36,taxation,taxation,True,10,12,2
test,test_pair_0068,15079,6682,taxation,taxation,True,11,12,1
test,test_pair_0069,2528,10961,taxation,taxation,True,12,12,0
test,test_pair_0070,10851,14754,taxation,taxation,True,12,14,2
test,test_pair_0071,1499,1130,taxation,taxation,True,13,16,3
test,test_pair_0072,7792,6526,taxation,taxation,True,13,16,3
test,test_pair_0073,18569,7762,taxation,taxation,True,14,16,2
test,test_pair_0074,7227,13660,taxation,taxation,True,15,16,1
test,test_pair_0075,2392,4851,taxation,taxation,True,16,17,1
test,test_pair_0076,2441,10487,taxation,taxation,True,17,17,0
test,test_pair_0077,22591,2771,taxation,taxation,True,17,18,1
test,test_pair_0078,15865,2801,taxation,taxation,True,18,18,0
test,test_pair_0079,2642,10021,taxation,taxation,True,19,19,0
test,test_pair_0080,2677,7171,taxation,taxation,True,21,21,0
test,test_pair_0081,5494,1138,taxation,taxation,True,22,22,0
test,test_pair_0082,8296,5213,taxation,taxation,True,22,22,0
test,test_pair_0083,10038,7016,taxation,taxation,True,22,23,1
test,test_pair_0084,9180,2786,taxation,taxation,True,23,25,2
test,test_pair_0085,14018,9796,taxation,taxation,True,23,25,2
test,test_pair_0086,2784,2057,taxation,taxation,True,24,26,2
test,test_pair_0087,9158,6652,taxation,taxation,True,24,27,3
test,test_pair_0088,10289,13824,taxation,taxation,True,24,27,3
test,test_pair_0089,1296,20291,taxation,taxation,True,25,27,2
test,test_pair_0090,532,171,taxation,taxation,True,28,28,0
test,test_pair_0091,979,5544,taxation,taxation,True,30,30,0
test,test_pair_0092,5756,5341,taxation,taxation,True,33,33,0
test,test_pair_0093,7666,5865,taxation,taxation,True,34,35,1
test,test_pair_0094,17230,7196,taxation,taxation,True,53,48,5
